Strategy,Total Excess Return,Annualized Excess Return,Sharpe Ratio,Volatility (Ann.),Max Drawdown,Calmar Ratio,Win Rate,Avg Win,Avg Loss,Best Month,Worst Month,Total Months
HRP 60m,271.27916851368815,0.05569099891414764,0.4443418942781558,0.13934358390181223,0.4679442850645157,0.21480379786117768,0.6285310734463276,0.03228442123155759,-0.030866491876100684,0.1750644587539045,-0.1933933572157677,708
