Strategy,Total Excess Return,Annualized Excess Return,Sharpe Ratio,Volatility (Ann.),Max Drawdown,Calmar Ratio,Win Rate,Avg Win,Avg Loss,Best Month,Worst Month,Total Months
HRP 60m,291.51186390892445,0.05613302476240345,0.4528762747366275,0.13683761114386794,0.13052386311704053,0.7731678138008453,0.6218487394957983,0.032206484542974895,-0.02961920511020514,0.1761037352216052,-0.1894761986557107,714
