Strategy,Total Excess Return,Annualized Excess Return,Sharpe Ratio,Volatility (Ann.),Max Drawdown,Calmar Ratio,Win Rate,Avg Win,Avg Loss,Best Month,Worst Month,Total Months
HRP 60m,284.62845731465,0.05571083261124299,0.4471016179631391,0.1381530444411738,0.14820573528611133,0.6780753629397507,0.6246498599439776,0.03222021228362251,-0.030147450103574256,0.1762389988172632,-0.1907988240033169,714
